{
  "format_version": 1,
  "vocab_path_hint": "char_vocab.json",
  "embedding_dim": 256,
  "hidden_dim": 512,
  "opset": 17,
  "transitions": [
    [
      -5.6277666091918945,
      -4.3380231857299805,
      1.8947279453277588,
      1.279463768005371,
      0.30594322085380554,
      -9984.6181640625
    ],
    [
      2.234792947769165,
      3.671745538711548,
      -5.8710527420043945,
      -6.157306671142578,
      -4.954442977905273,
      -9984.6181640625
    ],
    [
      2.926647663116455,
      1.1979174613952637,
      -8.09652328491211,
      -5.502256393432617,
      -1.7659310102462769,
      -9984.6181640625
    ],
    [
      -7.1239166259765625,
      -6.952907085418701,
      2.4175615310668945,
      2.608314275741577,
      1.7372130155563354,
      -9984.6181640625
    ],
    [
      -9984.6181640625,
      -9984.6181640625,
      -9984.6181640625,
      -9984.6181640625,
      -9984.6181640625,
      -9984.6181640625
    ],
    [
      -4.6795759201049805,
      -2.588061571121216,
      3.2676241397857666,
      -0.226238414645195,
      -4.923350050528099e-40,
      -9984.6181640625
    ]
  ]
}