{
  "format_version": 1,
  "vocab_path_hint": "char_vocab.json",
  "embedding_dim": 256,
  "hidden_dim": 512,
  "opset": 17,
  "transitions": [
    [
      -7.717046737670898,
      -7.175976276397705,
      2.503908395767212,
      1.5357214212417603,
      1.8307870626449585,
      -9973.45703125
    ],
    [
      1.989420771598816,
      2.728469133377075,
      -8.422983169555664,
      -8.989340782165527,
      -6.971639156341553,
      -9973.45703125
    ],
    [
      5.048385143280029,
      2.4551963806152344,
      -8.917800903320312,
      -8.570868492126465,
      -4.057819366455078,
      -9973.45703125
    ],
    [
      -7.474991798400879,
      -8.288246154785156,
      0.7390652894973755,
      1.7318592071533203,
      0.8736835718154907,
      -9973.45703125
    ],
    [
      -9973.45703125,
      -9973.45703125,
      -9973.45703125,
      -9973.45703125,
      -9973.45703125,
      -9973.45703125
    ],
    [
      -1.5428975820541382,
      -3.084613561630249,
      1.3872908353805542,
      1.1915332078933716,
      4.963721459285297e-40,
      -9973.45703125
    ]
  ]
}