{
  "format_version": 1,
  "vocab_path_hint": "char_vocab.json",
  "embedding_dim": 256,
  "hidden_dim": 512,
  "opset": 17,
  "transitions": [
    [
      -7.4340081214904785,
      -6.715352535247803,
      2.83166241645813,
      1.279039740562439,
      1.7040973901748657,
      -9783.6328125
    ],
    [
      1.165392279624939,
      0.9620984196662903,
      -5.1916375160217285,
      -6.769579887390137,
      -3.447723150253296,
      -9783.6328125
    ],
    [
      2.8325390815734863,
      1.3657270669937134,
      -6.126413822174072,
      -6.4639177322387695,
      -3.1930601596832275,
      -9783.6328125
    ],
    [
      -7.197719573974609,
      -7.121173858642578,
      2.5548226833343506,
      1.825681209564209,
      1.468760371208191,
      -9783.6328125
    ],
    [
      -9783.6328125,
      -9783.6328125,
      -9783.6328125,
      -9783.6328125,
      -9783.6328125,
      -9783.6328125
    ],
    [
      -1.9431045055389404,
      -2.04860782623291,
      0.8718419671058655,
      3.2585058212280273,
      4.908117936220888e-40,
      -9783.6328125
    ]
  ]
}