{
  "format_version": 1,
  "vocab_path_hint": "char_vocab.json",
  "embedding_dim": 256,
  "hidden_dim": 512,
  "opset": 17,
  "transitions": [
    [
      -3.124401569366455,
      -2.6215157508850098,
      1.632374882698059,
      0.24568608403205872,
      0.9223201870918274,
      -9994.1796875
    ],
    [
      1.7424564361572266,
      1.621791124343872,
      -3.627864122390747,
      -3.6598222255706787,
      -3.2585508823394775,
      -9994.1796875
    ],
    [
      0.8045646548271179,
      2.3719096183776855,
      -1.6977877616882324,
      -4.928463935852051,
      -1.0257009267807007,
      -9994.1796875
    ],
    [
      -3.0488274097442627,
      -2.7170193195343018,
      0.8969414234161377,
      2.2263455390930176,
      1.8447766304016113,
      -9994.1796875
    ],
    [
      -9994.1796875,
      -9994.1796875,
      -9994.1796875,
      -9994.1796875,
      -9994.1796875,
      -9994.1796875
    ],
    [
      -1.5385953187942505,
      0.3684888184070587,
      2.5273818969726562,
      -0.5524559617042542,
      5.45575938906367e-40,
      -9994.1796875
    ]
  ]
}