{
  "format_version": 1,
  "vocab_path_hint": "char_vocab.json",
  "embedding_dim": 128,
  "hidden_dim": 256,
  "opset": 17,
  "transitions": [
    [
      -7.032297611236572,
      -7.135513782501221,
      2.092447519302368,
      1.7957477569580078,
      1.435331106185913,
      -9933.779296875
    ],
    [
      1.703704595565796,
      2.0108799934387207,
      -6.480741024017334,
      -6.92330265045166,
      -4.982277870178223,
      -9933.779296875
    ],
    [
      2.5254228115081787,
      1.0628859996795654,
      -7.462577819824219,
      -7.315521717071533,
      -4.896913528442383,
      -9933.779296875
    ],
    [
      -7.941569805145264,
      -7.833388328552246,
      1.3526784181594849,
      1.541081428527832,
      0.9718225598335266,
      -9933.779296875
    ],
    [
      -9933.779296875,
      -9933.779296875,
      -9933.779296875,
      -9933.779296875,
      -9933.779296875,
      -9933.779296875
    ],
    [
      -2.5011653900146484,
      -2.896923542022705,
      2.071338176727295,
      1.4187852144241333,
      5.729671199885242e-40,
      -9933.779296875
    ]
  ]
}